index,filename,folder,notes
1,358404805_17977436771369185_2134961499768722293_n.jpg,02_Brows_SPMU_Powder_Combo_Stroke,
2,361917308_17978957573369185_4243262760700491110_n.jpg,03_Eyeliner_Lash_Enhancement_Eyes,
3,366020307_17982504251369185_7487334239522305440_n.jpg,03_Eyeliner_Lash_Enhancement_Eyes,
4,368011619_17982648713369185_8695424936916429809_n.jpg,02_Brows_SPMU_Powder_Combo_Stroke,
5,418895574_18001255682369185_1980980921585964940_n.jpg,05_Nails_ARCHIVE_Not_Current_Treatments,
6,430040006_18006772613369185_3136207956086491647_n.jpg,01_Lip_Blush,
7,432472262_18007750259369185_6075844535908090568_n.jpg,01_Lip_Blush,
8,434117050_18008621636369185_1071497859487986582_n.jpg,02_Brows_SPMU_Powder_Combo_Stroke,
9,434393196_18009273983369185_6140223731955573882_n.jpg,02_Brows_SPMU_Powder_Combo_Stroke,
10,434399375_18009354812369185_1791495931080360791_n.jpg,07_Studio_Process_Materials,
11,434574566_18009352088369185_4781971719696180503_n.jpg,01_Lip_Blush,
12,436943648_18010054151369185_4291189015739461510_n.jpg,01_Lip_Blush,
13,455251166_18023062901369185_7888783868213210731_n.jpg,05_Nails_ARCHIVE_Not_Current_Treatments,
14,458327585_18025283621369185_5128060560940928662_n.jpg,05_Nails_ARCHIVE_Not_Current_Treatments,
15,462718778_18029365664369185_2113077852598492824_n.jpg,05_Nails_ARCHIVE_Not_Current_Treatments,
16,463827766_18030064484369185_4303955149650716177_n.jpg,03_Eyeliner_Lash_Enhancement_Eyes,
17,464163696_18030483272369185_4114077053873315411_n.jpg,05_Nails_ARCHIVE_Not_Current_Treatments,
18,464988699_18031403615369185_7723045817798135894_n.jpg,04_Facials_Carbon_Bubble,
19,467034985_18033062831369185_3293780211105375954_n.jpg,04_Facials_Carbon_Bubble,
20,467172178_18033212834369185_4261812412995317900_n.jpg,02_Brows_SPMU_Powder_Combo_Stroke,
21,467411852_18033473978369185_6660390426541406255_n.jpg,05_Nails_ARCHIVE_Not_Current_Treatments,
22,467483178_18033471698369185_6075690861713914887_n.jpg,07_Studio_Process_Materials,
23,467494253_18033475664369185_3931833869061365960_n.jpg,03_Eyeliner_Lash_Enhancement_Eyes,
24,467494488_18033471725369185_4083323423542492470_n.jpg,03_Eyeliner_Lash_Enhancement_Eyes,
25,467508041_18033473585369185_4659170686645672023_n.jpg,06_Brand_About_Lifestyle,
26,467508643_18033475868369185_889507900332656855_n.jpg,03_Eyeliner_Lash_Enhancement_Eyes,
27,467529425_18033467741369185_8831439934816641306_n.jpg,05_Nails_ARCHIVE_Not_Current_Treatments,
28,467533296_18033476108369185_3981201545057493158_n.jpg,02_Brows_SPMU_Powder_Combo_Stroke,
29,467551194_18033470615369185_2167388378166605682_n.jpg,05_Nails_ARCHIVE_Not_Current_Treatments,
30,467565155_18033469142369185_8313468799397464537_n.jpg,04_Facials_Carbon_Bubble,
31,467568964_18033467912369185_3078310926786159911_n.jpg,02_Brows_SPMU_Powder_Combo_Stroke,
32,467586310_18033474626369185_3300516811395260977_n.jpg,05_Nails_ARCHIVE_Not_Current_Treatments,
33,467591441_18033473810369185_440003234546802316_n.jpg,01_Lip_Blush,
34,467591447_18033476195369185_3008887227590960318_n.jpg,02_Brows_SPMU_Powder_Combo_Stroke,
35,467592362_18033475553369185_1341256370211176674_n.jpg,01_Lip_Blush,
36,467607990_18033469160369185_5462453271653473829_n.jpg,03_Eyeliner_Lash_Enhancement_Eyes,
37,467616981_18033467552369185_8790495046914562000_n.jpg,01_Lip_Blush,
38,467629619_18033473462369185_2998872702057639599_n.jpg,01_Lip_Blush,
39,467630201_18033475766369185_5222318655133272122_n.jpg,02_Brows_SPMU_Powder_Combo_Stroke,
40,467631041_18033473501369185_6114125339881140589_n.jpg,02_Brows_SPMU_Powder_Combo_Stroke,
41,467649351_18033475508369185_6286070267474588940_n.jpg,05_Nails_ARCHIVE_Not_Current_Treatments,
42,467660861_18033470348369185_8088293224105006909_n.jpg,02_Brows_SPMU_Powder_Combo_Stroke,
43,467671157_18033469139369185_1138151892721487533_n.jpg,05_Nails_ARCHIVE_Not_Current_Treatments,
44,467680006_18033467903369185_8207287231700700339_n.jpg,03_Eyeliner_Lash_Enhancement_Eyes,
45,468239904_18034180418369185_5593817786667685142_n.jpg,01_Lip_Blush,
46,469919369_18035810531369185_1119142936017295853_n.jpg,04_Facials_Carbon_Bubble,
47,470273913_18036091166369185_4224476258586140514_n.jpg,04_Facials_Carbon_Bubble,
48,473959505_18039532199369185_1970037550633787922_n.jpg,03_Eyeliner_Lash_Enhancement_Eyes,
49,475409693_18040546340369185_3667666111161966590_n.jpg,02_Brows_SPMU_Powder_Combo_Stroke,
50,475424325_18040637603369185_8269879813955049869_n.jpg,07_Studio_Process_Materials,
51,476122187_18041295566369185_3755824901185889253_n.jpg,01_Lip_Blush,
52,480105181_18042821597369185_5743728033208407484_n.jpg,05_Nails_ARCHIVE_Not_Current_Treatments,
53,481715794_18043525643369185_7540907287632476184_n.jpg,02_Brows_SPMU_Powder_Combo_Stroke,
54,484638337_18045340502369185_8078658726312657819_n.jpg,05_Nails_ARCHIVE_Not_Current_Treatments,
55,486323545_18046156337369185_3871056645325748605_n.jpg,02_Brows_SPMU_Powder_Combo_Stroke,
56,486383949_18046359503369185_3552490904679805482_n.jpg,06_Brand_About_Lifestyle,
57,495386013_18050179274369185_6231007216770799521_n.jpg,04_Facials_Carbon_Bubble,
58,504242334_18053566706369185_4994749481987005756_n.jpg,02_Brows_SPMU_Powder_Combo_Stroke,
59,506026465_18053855276369185_6182396668052682891_n.jpg,06_Brand_About_Lifestyle,
60,509623792_18055296074369185_2269190726626001709_n.jpg,02_Brows_SPMU_Powder_Combo_Stroke,
61,552939561_18063586067369185_6125756031976748760_n.jpg,05_Nails_ARCHIVE_Not_Current_Treatments,
62,553328168_18064000331369185_2115349956772120524_n.jpg,03_Eyeliner_Lash_Enhancement_Eyes,
63,558074843_18065273588369185_6294467195592387026_n.jpg,02_Brows_SPMU_Powder_Combo_Stroke,
64,558573600_18064955678369185_5683527009038012108_n.jpg,01_Lip_Blush,
65,562671617_18066696464369185_9148792086467866057_n.jpg,03_Eyeliner_Lash_Enhancement_Eyes,
66,565504306_18067258556369185_3670116575856878425_n.jpg,01_Lip_Blush,
67,581014204_18069600818369185_1743657490879050998_n.jpg,05_Nails_ARCHIVE_Not_Current_Treatments,
68,587407182_18075149174369185_1785497661560841688_n.jpg,02_Brows_SPMU_Powder_Combo_Stroke,
69,619335757_17923425222071094_8698428200818865695_n.jpg,02_Brows_SPMU_Powder_Combo_Stroke,
70,622377777_17992602551746852_6578806468956242849_n.jpg,03_Eyeliner_Lash_Enhancement_Eyes,
71,622837073_18104596465818442_679579383277170164_n.jpg,06_Brand_About_Lifestyle,
72,624706456_18063250400290905_995332737577714534_n.jpg,01_Lip_Blush,
73,624880693_18077123255369185_7860727172072400_n.jpg,03_Eyeliner_Lash_Enhancement_Eyes,
74,651400639_17988655496948117_654331000147591964_n.jpg,05_Nails_ARCHIVE_Not_Current_Treatments,
75,653387296_18076246871631506_6993893557936912683_n.jpg,02_Brows_SPMU_Powder_Combo_Stroke,
76,671682208_18085437077369185_6290333336918978844_n.jpg,05_Nails_ARCHIVE_Not_Current_Treatments,
77,673821695_18085986653369185_5630417192867171935_n.jpg,03_Eyeliner_Lash_Enhancement_Eyes,
78,681964374_18086326817369185_6501117846100953792_n.jpg,01_Lip_Blush,
79,731022735_18092499470369185_8678667057354810995_n.jpg,05_Nails_ARCHIVE_Not_Current_Treatments,
80,materials.jpg,01_Lip_Blush,
